,mean_time
0,7.37
1,7.72
2,7.01
3,7.19
4,8.01
5,10.8
6,6.92
7,6.73
8,7.24
9,7.08
10,8.4
11,7.07
12,9.3
13,9.4
14,6.09
15,6.71
16,6.62
17,11.01
18,6.96
19,9.29
20,7.59
21,6.01
22,8.4
23,6.81
24,7.09
25,9.36
26,10.98
27,7.61
28,10.98
29,6.83
30,10.11
31,6.71
32,10.52
33,6.18
34,6.59
35,10.27
36,9.98
37,5.98
38,6.78
39,7.69
40,7.21
41,7.59
42,6.95
43,7.01
44,7.2
45,7.17
46,7.64
47,7.83
48,6.97
49,6.91
50,10.9
51,9.12
52,6.83
53,7.32
54,8.61
55,6.78
56,10.99
57,7.69
58,9.95
59,7.91
60,10.67
61,10.5
62,10.07
63,6.61
64,7.5
65,10.73
66,6.18
67,6.61
68,6.08
69,9.97
70,7.42
71,6.49
72,6.3
73,9.32
74,6.1
75,7.22
76,7.1
77,9.91
78,10.48
79,6.91
80,7.59
81,6.08
82,6.0
83,8.98
84,10.43
85,8.39
86,7.91
87,7.11
88,9.69
89,7.77
90,6.28
91,6.31
92,8.83
93,7.72
94,7.32
95,10.8
96,10.4
97,5.99
98,6.11
99,8.13
100,7.31
101,7.11
102,6.33
103,8.13
104,7.99
105,10.51
106,7.99
107,6.1
108,7.59
109,6.89
110,9.3
111,10.81
112,5.99
113,7.79
114,7.72
115,6.19
116,7.12
117,7.82
118,7.62
119,6.0
120,9.11
121,8.68
122,9.99
123,6.9
124,7.0
125,6.29
126,6.37
127,8.19
128,6.45
129,6.68
130,7.48
131,9.92
132,7.42
133,7.49
134,6.0
135,6.86
136,6.13
137,7.68
138,8.88
139,10.9
140,10.69
141,7.06
142,9.01
143,7.42
144,7.59
145,6.62
146,6.19
147,6.47
148,8.2
149,6.79
150,7.3
151,6.82
152,7.32
153,6.16
154,7.61
155,6.6
156,10.65
157,6.2
158,8.59
159,6.0
160,6.28
161,7.91
162,7.18
163,6.65
164,7.91
165,6.72
166,6.29
167,7.18
168,6.29
169,7.22
170,7.81
171,6.8
172,6.48
173,7.65
174,7.59
175,9.18
176,6.38
177,8.48
178,6.96
179,6.47
180,8.88
181,6.59
182,11.0
183,7.81
184,7.23
185,6.42
186,6.78
187,7.39
188,6.19
189,6.01
190,7.3
191,7.06
192,8.73
193,10.81
194,7.41
195,9.19
196,7.39
197,7.4
198,6.71
199,9.23
200,6.88
201,9.29
202,6.02
203,6.33
204,6.41
205,8.75
206,7.39
207,6.2
208,7.71
209,7.51
210,9.08
211,5.99
212,6.03
213,6.02
214,6.9
215,10.78
216,8.98
217,7.38
218,6.82
219,6.79
220,7.41
221,10.82
222,6.88
223,8.91
224,6.68
225,7.92
226,6.31
227,7.89
228,8.88
229,7.09
230,7.49
231,8.69
232,6.8
233,9.13
234,7.02
235,6.7
236,8.4
237,6.48
238,7.23
239,8.69
240,6.04
241,7.28
242,9.38
243,7.31
244,7.11
245,7.44
246,7.57
247,9.96
248,6.21
249,6.81
250,6.66
251,7.52
252,6.41
253,10.7
254,7.0
255,8.63
256,10.4
257,6.73
258,7.09
259,7.68
260,6.8
261,7.81
262,7.1
263,8.89
264,7.6
265,9.12
266,6.82
267,7.51
268,6.71
269,7.9
270,8.21
271,7.17
272,6.51
273,7.93
274,6.72
275,8.62
276,6.76
277,7.71
278,6.61
279,7.35
280,6.17
281,7.39
282,8.1
283,6.02
284,9.81
285,6.11
286,8.31
287,7.52
288,6.41
289,10.01
290,7.1
291,6.41
292,7.8
293,6.3
294,7.14
295,8.8
296,7.5
297,7.08
298,6.28
299,7.1
300,7.8
301,10.9
302,6.19
303,5.99
304,10.05
305,7.68
306,5.98
307,7.98
308,10.01
309,7.78
310,7.98
311,7.4
312,7.21
313,7.08
314,6.29
315,6.19
316,6.2
317,8.91
318,6.81
319,9.46
320,10.81
321,6.92
322,7.8
323,7.17
324,6.45
325,7.94
326,7.82
327,7.97
328,6.82
329,6.07
330,6.41
331,10.7
332,6.98
333,7.99
334,9.47
335,7.72
336,7.73
337,8.9
338,7.78
339,10.47
340,6.2
341,6.62
342,7.99
343,6.89
344,9.38
345,6.62
346,7.58
347,7.6
348,6.87
349,6.29
350,6.38
351,7.33
352,10.49
353,7.0
354,9.91
355,6.89
356,8.0
357,7.31
358,6.12
359,6.32
360,6.42
361,6.02
362,6.9
363,9.7
364,7.79
365,6.41
366,10.39
367,8.52
368,6.59
369,7.59
370,6.1
371,6.29
372,6.48
373,10.98
374,8.01
375,7.59
376,10.41
377,8.8
378,10.0
379,7.89
380,7.8
381,7.47
382,7.56
383,6.81
384,6.99
385,9.61
386,10.1
387,9.39
388,6.37
389,7.1
390,7.41
391,6.67
392,7.58
393,10.68
394,8.31
395,6.61
396,6.88
397,9.42
398,10.02
399,6.45
400,9.77
401,6.42
402,10.5
403,6.58
404,7.11
405,7.88
406,10.3
407,8.49
408,9.8
409,10.41
410,7.68
411,10.67
412,7.68
413,7.72
414,6.88
415,10.55
416,8.32
417,6.08
418,10.38
419,6.99
420,6.7
421,7.08
422,6.5
423,7.08
424,7.08
425,8.9
426,6.07
427,7.64
428,10.71
429,7.1
430,10.62
431,6.08
432,8.33
433,8.14
434,7.89
435,9.81
436,6.02
437,6.27
438,6.31
439,7.62
440,6.37
441,6.99
442,7.48
443,6.52
444,8.0
445,8.1
446,7.32
447,6.51
448,9.47
449,10.09
450,6.81
451,8.19
452,7.94
453,10.28
454,7.52
455,7.01
456,7.39
457,8.98
458,7.91
459,7.08
460,8.7
461,7.97
462,10.5
463,9.48
464,7.71
465,6.89
466,6.59
467,9.32
468,6.3
469,6.31
470,6.6
471,9.59
472,10.12
473,8.32
474,7.61
475,7.93
476,7.33
477,7.98
478,6.54
479,6.89
480,7.1
481,7.3
482,6.93
483,8.03
484,6.19
485,10.1
486,6.59
487,8.63
488,6.27
489,8.38
490,7.66
491,6.01
492,10.9
493,6.44
494,7.83
495,10.82
496,7.63
497,7.4
498,7.2
499,7.06
500,8.11
501,6.67
502,7.78
503,6.08
504,8.21
505,9.22
506,7.77
507,7.59
508,9.59
509,7.26
510,6.12
511,7.71
512,7.4
513,7.57
514,6.91
515,6.61
516,6.11
517,7.92
518,9.11
519,6.62
520,10.99
521,8.72
522,7.42
523,7.52
524,6.25
525,7.88
526,7.29
527,7.92
528,8.01
529,6.73
530,6.61
531,6.19
532,6.41
533,9.81
534,7.8
535,6.67
536,6.69
537,10.58
538,10.9
539,7.81
540,10.21
541,6.78
542,6.3
543,10.46
544,8.04
545,7.12
546,6.21
547,6.02
548,7.98
549,10.7
550,6.32
551,6.9
552,6.4
553,7.39
554,7.12
555,7.2
556,5.98
557,10.52
558,6.2
559,7.2
560,6.61
561,7.48
562,6.6
563,7.17
564,8.03
565,7.1
566,7.2
567,10.9
568,6.52
569,10.68
570,6.99
571,8.98
572,8.12
573,7.13
574,8.0
575,7.42
576,7.09
577,6.8
578,6.79
579,6.71
580,8.02
581,7.7
582,7.06
583,7.91
584,10.29
585,7.52
586,7.69
587,10.52
588,6.9
589,7.49
590,7.99
591,7.51
592,6.59
593,6.28
594,7.47
595,7.29
596,8.8
597,6.77
598,6.7
599,10.4
600,6.0
601,8.89
602,9.88
603,5.99
604,6.17
605,7.82
606,7.18
607,7.49
608,6.79
609,7.23
610,7.2
611,7.29
612,8.5
613,6.56
614,6.02
615,6.58
616,6.01
617,7.59
618,6.28
619,6.22
620,7.5
621,8.62
622,7.27
623,8.39
624,8.04
625,6.06
626,7.29
627,8.01
628,9.18
629,9.53
630,9.81
631,9.18
632,6.32
633,6.01
634,8.39
635,7.38
636,7.67
637,8.59
638,7.27
639,7.37
640,6.59
641,6.7
642,6.09
643,6.09
644,7.98
645,8.79
646,6.18
647,6.92
648,5.98
649,7.02
650,11.03
651,10.78
652,7.49
653,9.21
654,8.69
655,9.88
656,9.62
657,7.59
658,6.9
659,8.92
660,10.99
661,6.59
662,6.8
663,10.37
664,7.81
665,7.5
666,10.48
667,9.42
668,6.41
669,10.61
670,5.98
671,9.71
672,6.99
673,9.51
674,8.41
675,6.8
676,7.98
677,6.81
678,6.02
679,8.39
680,6.03
681,6.49
682,7.72
683,6.23
684,6.72
685,7.71
686,8.01
687,10.41
688,9.8
689,9.97
690,10.41
691,6.01
692,10.1
693,7.82
694,9.08
695,5.98
696,9.68
697,6.6
698,8.0
699,7.31
700,7.38
701,5.98
702,7.67
703,9.5
704,9.52
705,6.59
706,7.25
707,6.31
708,8.51
709,6.11
710,6.11
711,7.62
712,7.12
713,7.47
714,7.89
715,7.18
716,7.36
717,8.71
718,10.4
719,6.4
720,6.5
721,7.23
722,7.69
723,9.14
724,6.39
725,7.91
726,6.72
727,10.89
728,10.25
729,7.11
730,10.68
731,10.4
732,7.78
733,10.41
734,6.61
735,7.23
736,9.11
737,9.72
738,10.32
739,10.0
740,6.3
741,6.08
742,6.48
743,7.52
744,7.69
745,7.97
746,6.81
747,6.22
748,7.08
749,8.58
750,6.2
751,10.61
752,7.48
753,9.4
754,7.3
755,7.54
756,7.29
757,7.6
758,8.04
759,7.19
760,6.33
761,7.32
762,7.79
763,7.22
764,7.6
765,6.62
766,6.3
767,9.68
768,7.48
769,6.1
770,10.5
771,6.39
772,6.68
773,6.67
774,9.41
775,6.81
776,10.5
777,6.65
778,10.31
779,10.61
780,7.12
781,7.41
782,8.03
783,6.49
784,6.6
785,6.91
786,6.78
787,6.51
788,6.92
789,7.29
790,6.88
791,6.06
792,7.3
793,7.58
794,6.1
795,7.58
796,6.89
797,6.31
798,6.54
799,7.8
800,8.51
801,6.6
802,8.52
803,7.35
804,10.29
805,7.03
806,6.1
807,10.69
808,7.9
809,10.85
810,7.59
811,6.12
812,6.96
813,6.4
814,7.12
815,5.97
816,8.46
817,7.42
818,7.0
819,6.52
820,7.88
821,7.12
822,7.02
823,6.2
824,7.71
825,7.62
826,10.29
827,6.36
828,9.98
829,10.49
830,6.6
831,8.01
832,6.2
833,7.21
834,6.04
835,8.07
836,6.32
837,10.62
838,8.43
839,6.1
840,8.38
841,6.59
842,7.77
843,7.27
844,9.09
845,7.86
846,7.76
847,7.11
848,7.38
849,6.93
850,6.81
851,6.5
852,9.68
853,6.51
854,7.6
855,7.38
856,7.11
857,7.42
858,6.37
859,6.13
860,7.3
861,7.01
862,7.24
863,7.43
864,8.11
865,9.3
866,7.77
867,6.83
868,9.39
869,6.66
870,9.22
871,6.0
872,6.39
873,6.0
874,6.49
875,7.03
876,7.32
877,6.6
878,8.42
879,8.88
880,9.42
881,6.34
882,8.78
883,6.56
884,8.88
885,7.91
886,7.14
887,10.92
888,6.1
889,7.3
890,6.57
891,6.09
892,7.6
893,7.38
894,7.88
895,8.4
896,6.04
897,6.87
898,7.59
899,6.19
900,7.99
901,6.66
902,7.32
903,9.59
904,5.97
905,7.94
906,9.18
907,8.59
908,7.11
909,10.7
910,8.69
911,7.17
912,6.41
913,10.49
914,7.3
915,7.88
916,6.1
917,6.77
918,7.8
919,7.79
920,6.63
921,7.71
922,5.99
923,8.5
924,7.95
925,6.31
926,7.58
927,7.63
928,8.42
929,7.2
930,10.7
931,6.41
932,6.6
933,7.39
934,9.7
935,7.81
936,6.71
937,6.39
938,10.96
939,7.7
940,9.49
941,5.96
942,8.53
943,8.09
944,7.39
945,8.02
946,9.88
947,7.53
948,7.19
949,7.7
950,7.97
951,6.24
952,7.79
953,6.51
954,7.06
955,9.22
956,8.51
957,8.16
958,8.09
959,6.71
960,7.03
961,7.93
962,6.29
963,6.3
964,6.38
965,6.79
966,7.72
967,6.58
968,6.91
969,7.19
970,7.72
971,9.78
972,5.99
973,7.58
974,7.38
975,7.28
976,7.69
977,9.8
978,10.38
979,7.01
980,6.03
981,6.46
982,10.2
983,7.6
984,7.91
985,7.79
986,6.22
987,5.95
988,6.72
989,7.61
990,6.3
991,6.81
992,8.8
993,8.03
994,9.94
995,7.39
996,7.7
997,8.28
998,7.88
999,6.19
1000,6.29
1001,6.83
1002,6.02
1003,9.02
1004,8.41
1005,6.68
1006,7.61
1007,6.71
1008,6.26
1009,8.18
1010,8.11
1011,6.09
1012,7.7
1013,7.49
1014,6.38
1015,8.88
1016,7.29
1017,6.72
1018,7.97
1019,10.02
1020,9.55
1021,9.28
1022,6.11
1023,8.59
1024,8.0
1025,7.4
1026,6.9
1027,6.69
1028,6.6
1029,6.6
1030,6.68
1031,7.8
1032,7.89
1033,6.21
1034,6.2
1035,7.42
1036,7.8
1037,10.32
1038,7.07
1039,8.69
1040,7.97
1041,6.59
1042,7.37
1043,6.6
1044,7.4
1045,10.71
1046,7.23
1047,7.08
1048,7.49
1049,7.55
1050,9.51
1051,6.12
1052,9.59
1053,7.65
1054,6.11
1055,8.7
1056,7.2
1057,10.66
1058,7.0
1059,10.21
1060,7.69
1061,7.6
1062,6.49
1063,6.1
1064,7.24
1065,7.69
1066,8.0
1067,6.59
1068,10.41
1069,7.87
1070,7.08
1071,7.98
1072,6.3
1073,6.1
1074,8.59
1075,7.88
1076,7.68
1077,6.52
1078,6.23
1079,7.03
1080,7.69
1081,10.5
1082,9.49
1083,7.48
1084,8.12
1085,7.12
1086,8.67
1087,10.47
1088,7.11
1089,6.5
1090,6.77
1091,9.3
1092,7.59
1093,7.23
1094,7.08
1095,10.19
1096,6.87
1097,7.29
1098,6.41
1099,7.38
1100,8.33
1101,9.21
1102,6.8
1103,6.07
1104,7.78
1105,6.45
1106,10.6
1107,6.81
1108,6.29
1109,7.29
1110,8.93
1111,9.42
1112,6.0
1113,7.89
1114,6.99
1115,10.81
1116,9.89
1117,10.22
1118,7.62
1119,6.29
1120,8.7
1121,6.5
1122,6.61
1123,6.67
1124,9.81
1125,7.1
1126,6.02
1127,6.8
1128,6.77
1129,7.72
1130,6.59
1131,6.92
1132,6.32
1133,7.18
1134,8.82
1135,7.89
1136,7.3
1137,10.32
1138,10.81
1139,7.9
1140,7.9
1141,7.48
1142,7.96
1143,8.19
1144,10.81
1145,6.09
1146,6.59
1147,6.1
1148,10.51
1149,6.88
1150,6.99
1151,7.81
1152,6.16
1153,6.21
1154,6.08
1155,10.19
1156,7.78
1157,6.17
1158,7.9
1159,7.18
1160,6.51
1161,9.77
1162,7.7
1163,7.23
1164,10.4
1165,6.4
1166,8.0
1167,9.1
1168,6.99
1169,6.16
1170,6.01
1171,8.02
1172,8.0
1173,7.9
1174,9.39
1175,7.97
1176,6.81
1177,10.8
1178,8.16
1179,6.31
1180,8.03
1181,7.79
1182,7.84
1183,6.59
1184,10.9
1185,7.4
1186,6.82
1187,7.8
1188,7.38
1189,7.68
1190,7.09
1191,6.73
1192,10.5
1193,6.91
1194,7.21
1195,6.28
1196,6.08
1197,6.21
1198,8.43
1199,7.48
1200,6.9
1201,9.82
1202,6.08
1203,9.62
1204,7.51
1205,7.31
1206,7.5
1207,7.69
1208,6.05
1209,9.29
1210,6.4
1211,6.46
1212,8.63
1213,6.71
1214,8.52
1215,9.48
1216,6.41
1217,7.28
1218,10.04
1219,6.39
1220,8.0
1221,7.83
1222,7.5
1223,10.72
1224,6.31
1225,7.61
1226,10.48
1227,7.97
1228,10.7
1229,10.0
1230,8.02
1231,9.69
1232,6.91
1233,6.48
1234,6.09
1235,6.0
1236,7.82
1237,7.48
1238,9.49
1239,6.89
1240,7.1
1241,8.01
1242,6.53
1243,8.53
1244,6.12
1245,6.52
1246,9.68
1247,6.49
1248,8.92
1249,7.09
1250,9.08
1251,6.56
1252,6.19
1253,7.62
1254,7.69
1255,6.84
1256,6.82
1257,5.96
1258,7.82
1259,6.1
1260,9.32
1261,6.91
1262,9.3
1263,10.68
1264,9.39
1265,9.51
1266,10.2
1267,8.21
1268,6.47
1269,8.79
1270,6.1
1271,7.42
1272,8.11
1273,6.24
1274,9.53
1275,6.92
1276,6.0
1277,8.11
1278,7.22
1279,6.81
1280,6.1
1281,8.89
1282,6.79
1283,7.83
1284,6.3
1285,7.52
1286,7.18
1287,6.1
1288,6.02
1289,8.9
1290,6.6
1291,10.27
1292,9.2
1293,7.9
1294,6.71
1295,8.81
1296,8.01
1297,6.31
1298,6.41
1299,6.76
1300,7.62
1301,6.2
1302,7.4
1303,10.09
1304,8.07
1305,9.02
1306,7.31
1307,7.59
1308,7.8
1309,5.99
1310,7.08
1311,6.73
1312,10.15
1313,7.96
1314,10.71
1315,7.62
1316,7.78
1317,7.21
1318,9.58
1319,8.51
1320,7.7
1321,6.26
1322,7.49
1323,8.22
1324,8.14
1325,6.49
1326,6.0
1327,6.22
1328,7.86
1329,7.98
1330,7.5
1331,8.7
1332,7.91
1333,6.71
1334,9.01
1335,6.69
1336,8.4
1337,7.68
1338,7.55
1339,9.36
1340,6.38
1341,7.19
1342,7.98
1343,7.08
1344,8.41
1345,8.12
1346,7.95
1347,6.8
1348,7.19
1349,7.88
1350,7.79
1351,10.0
1352,7.9
1353,7.37
1354,10.42
1355,6.68
1356,6.51
1357,6.72
1358,6.39
1359,7.32
1360,8.02
1361,6.38
1362,7.0
1363,7.4
1364,10.89
1365,6.79
1366,7.91
1367,6.1
1368,7.57
1369,9.99
1370,6.2
1371,6.98
1372,7.68
1373,6.3
1374,6.53
1375,10.87
1376,10.62
1377,6.21
1378,6.19
1379,6.91
1380,6.32
1381,6.93
1382,8.89
1383,7.51
1384,7.41
1385,6.81
1386,8.13
1387,8.28
1388,6.79
1389,7.21
1390,6.92
1391,7.93
1392,10.36
1393,6.25
1394,10.12
1395,6.78
1396,6.12
1397,7.52
1398,6.21
1399,6.11
1400,6.8
1401,7.39
1402,6.3
1403,7.53
1404,8.99
1405,8.01
1406,6.18
1407,10.13
1408,6.09
1409,6.4
1410,6.29
1411,7.26
1412,6.52
1413,9.59
1414,10.51
1415,10.4
1416,8.37
1417,6.71
1418,8.53
1419,7.5
1420,6.09
1421,5.98
1422,7.78
1423,7.99
1424,6.2
1425,6.7
1426,8.53
1427,9.09
1428,7.01
1429,7.79
1430,6.59
1431,6.42
1432,7.59
1433,7.49
1434,10.13
1435,6.88
1436,5.99
1437,6.18
1438,6.95
1439,6.32
1440,6.0
1441,8.35
1442,7.41
1443,6.37
1444,6.72
1445,7.7
1446,10.88
1447,9.29
1448,7.1
1449,8.8
1450,7.99
1451,10.2
1452,6.32
1453,6.24
1454,6.11
1455,7.43
1456,6.91
1457,7.31
1458,6.79
1459,6.43
1460,7.56
1461,8.01
1462,7.12
1463,7.39
1464,7.3
1465,8.49
1466,6.1
1467,7.7
1468,9.52
1469,7.04
1470,7.41
1471,7.66
1472,6.99
1473,7.2
1474,8.01
1475,10.78
1476,6.91
1477,6.72
1478,7.21
1479,7.13
1480,8.4
1481,7.08
1482,9.3
1483,9.45
1484,6.12
1485,6.7
1486,6.6
1487,11.02
1488,6.99
1489,9.29
1490,7.6
1491,5.98
1492,8.41
1493,6.79
1494,7.06
1495,9.41
1496,11.01
1497,7.63
1498,11.0
1499,6.82
1500,10.11
1501,6.7
1502,10.49
1503,6.19
1504,6.61
1505,10.26
1506,10.0
1507,5.99
1508,6.82
1509,7.72
1510,7.19
1511,7.57
1512,6.88
1513,6.99
1514,7.17
1515,7.16
1516,7.6
1517,7.82
1518,6.99
1519,6.9
1520,10.92
1521,9.11
1522,6.79
1523,7.29
1524,8.6
1525,6.79
1526,10.98
1527,7.73
1528,9.97
1529,7.88
1530,10.71
1531,10.54
1532,10.1
1533,6.6
1534,7.52
1535,10.71
1536,6.2
1537,6.61
1538,6.06
1539,10.01
1540,7.39
1541,6.53
1542,6.35
1543,9.28
1544,6.09
1545,7.2
1546,7.11
1547,9.9
1548,10.49
1549,6.91
1550,7.62
1551,6.11
1552,6.0
1553,9.01
1554,10.41
1555,8.42
1556,7.91
1557,7.07
1558,9.71
1559,7.82
1560,6.29
1561,6.32
1562,8.81
1563,7.73
1564,7.29
1565,10.8
1566,10.4
1567,5.98
1568,6.1
1569,8.1
1570,7.29
1571,7.08
1572,6.31
1573,8.09
1574,7.98
1575,10.5
1576,8.02
1577,6.11
1578,7.57
1579,6.92
1580,9.31
1581,10.8
1582,5.99
1583,7.79
1584,7.71
1585,6.21
1586,7.09
1587,7.8
1588,7.6
1589,6.01
1590,9.08
1591,8.69
1592,10.01
1593,6.9
1594,7.02
1595,6.26
1596,6.4
1597,8.19
1598,6.46
1599,6.68
1600,7.48
1601,9.92
1602,7.36
1603,7.51
1604,5.98
1605,6.87
1606,6.07
1607,7.73
1608,8.94
1609,10.9
1610,10.74
1611,7.13
1612,9.02
1613,7.39
1614,7.59
1615,6.64
1616,6.21
1617,6.49
1618,8.2
1619,6.78
1620,7.31
1621,6.82
1622,7.29
1623,6.16
1624,7.6
1625,6.61
1626,10.6
1627,6.18
1628,8.65
1629,6.02
1630,6.27
1631,7.88
1632,7.19
1633,6.61
1634,7.87
1635,6.68
1636,6.34
1637,7.2
1638,6.26
1639,7.21
1640,7.8
1641,6.79
1642,6.53
1643,7.68
1644,7.61
1645,9.22
1646,6.41
1647,8.51
1648,7.02
1649,6.54
1650,8.91
1651,6.61
1652,10.99
1653,7.78
1654,7.23
1655,6.45
1656,6.8
1657,7.37
1658,6.22
1659,5.99
1660,7.32
1661,7.12
1662,8.68
1663,10.77
1664,7.43
1665,9.17
1666,7.4
1667,7.38
1668,6.71
1669,9.18
1670,6.91
1671,9.31
1672,6.0
1673,6.31
1674,6.44
1675,8.71
1676,7.42
1677,6.17
1678,7.72
1679,7.49
1680,9.08
1681,6.01
1682,5.97
1683,6.02
1684,6.89
1685,10.8
1686,9.01
1687,7.38
1688,6.79
1689,6.77
1690,7.41
1691,10.8
1692,6.95
1693,8.88
1694,6.7
1695,7.86
1696,6.29
1697,7.85
1698,8.91
1699,7.09
1700,7.51
1701,8.72
1702,6.79
1703,9.14
1704,7.01
1705,6.7
1706,8.38
1707,6.51
1708,7.2
1709,8.65
1710,6.0
1711,7.33
1712,9.39
1713,7.31
1714,7.11
1715,7.4
1716,7.62
1717,10.01
1718,6.18
1719,6.8
1720,6.73
1721,7.5
1722,6.4
1723,10.71
1724,7.0
1725,8.61
1726,10.42
1727,6.67
1728,7.07
1729,7.71
1730,6.81
1731,7.77
1732,7.12
1733,8.94
1734,7.56
1735,9.12
1736,6.78
1737,7.5
1738,6.74
1739,7.89
1740,8.21
1741,7.2
1742,6.45
1743,7.89
1744,6.68
1745,8.57
1746,6.81
1747,7.71
1748,6.6
1749,7.41
1750,6.24
1751,7.41
1752,8.1
1753,5.98
1754,9.84
1755,6.12
1756,8.3
1757,7.52
1758,6.43
1759,9.96
1760,7.12
1761,6.39
1762,7.81
1763,6.29
1764,7.1
1765,8.8
1766,7.49
1767,7.07
1768,6.33
1769,7.08
1770,7.81
1771,10.87
1772,6.17
1773,6.0
1774,9.99
1775,7.72
1776,5.99
1777,8.0
1778,10.01
1779,7.8
1780,8.05
1781,7.4
1782,7.25
1783,7.09
1784,6.28
1785,6.2
1786,6.2
1787,8.9
1788,6.8
1789,9.5
1790,10.82
1791,6.89
1792,7.8
1793,7.19
1794,6.37
1795,7.89
1796,7.82
1797,8.0
1798,6.75
1799,6.06
1800,6.36
1801,10.67
1802,6.99
1803,8.02
1804,9.5
1805,7.69
1806,7.69
1807,8.9
1808,7.76
1809,10.5
1810,6.22
1811,6.59
1812,7.99
1813,6.91
1814,9.4
1815,6.6
1816,7.63
1817,7.59
1818,6.91
1819,6.31
1820,6.39
1821,7.28
1822,10.53
1823,7.02
1824,9.91
1825,6.91
1826,8.01
1827,7.25
1828,6.08
1829,6.3
1830,6.38
1831,6.02
1832,6.89
1833,9.71
1834,7.83
1835,6.38
1836,10.36
1837,8.49
1838,6.63
1839,7.63
1840,6.1
1841,6.29
1842,6.47
1843,10.99
1844,8.0
1845,7.6
1846,10.4
1847,8.78
1848,9.97
1849,7.9
1850,7.78
1851,7.52
1852,7.59
1853,6.82
1854,6.94
1855,9.6
1856,10.1
1857,9.41
1858,6.41
1859,7.12
1860,7.4
1861,6.7
1862,7.64
1863,10.68
1864,8.28
1865,6.59
1866,6.93
1867,9.43
1868,10.0
1869,6.4
1870,9.82
1871,6.43
1872,10.5
1873,6.6
1874,7.13
1875,7.93
1876,10.27
1877,8.48
1878,9.81
1879,10.45
1880,7.68
1881,10.69
1882,7.7
1883,7.69
1884,6.93
1885,10.53
1886,8.28
1887,6.12
1888,10.39
1889,6.99
1890,6.7
1891,7.08
1892,6.52
1893,7.1
1894,7.13
1895,8.88
1896,6.15
1897,7.62
1898,10.68
1899,7.1
1900,10.6
1901,6.12
1902,8.31
1903,8.09
1904,7.88
1905,9.8
1906,6.02
1907,6.28
1908,6.27
1909,7.61
1910,6.36
1911,7.02
1912,7.52
1913,6.51
1914,8.01
1915,8.11
1916,7.29
1917,6.52
1918,9.5
1919,10.11
1920,6.76
1921,8.2
1922,7.91
1923,10.3
1924,7.52
1925,7.0
1926,7.4
1927,8.98
1928,7.89
1929,7.09
1930,8.69
1931,8.02
1932,10.49
1933,9.49
1934,7.7
1935,6.91
1936,6.55
1937,9.33
1938,6.27
1939,6.32
1940,6.6
1941,9.6
1942,10.1
1943,8.31
1944,7.59
1945,7.94
1946,7.3
1947,8.02
1948,6.5
1949,6.91
1950,7.1
1951,7.3
1952,6.93
1953,8.01
1954,6.18
1955,10.11
1956,6.59
1957,8.59
1958,6.29
1959,8.4
1960,7.71
1961,6.02
1962,10.9
1963,6.51
1964,7.78
1965,10.82
1966,7.58
1967,7.4
1968,7.23
1969,7.09
1970,8.1
1971,6.71
1972,7.8
1973,6.08
1974,8.2
1975,9.19
1976,7.84
1977,7.57
1978,9.6
1979,7.31
1980,6.08
1981,7.7
1982,7.42
1983,7.66
1984,6.91
1985,6.62
1986,6.08
1987,7.92
1988,9.13
1989,6.65
1990,10.97
1991,8.69
1992,7.39
1993,7.49
1994,6.24
1995,7.89
1996,7.29
1997,7.92
1998,7.99
1999,6.7
2000,6.57
2001,6.17
2002,6.38
2003,9.78
2004,7.78
2005,6.71
2006,6.72
2007,10.59
2008,10.87
2009,7.79
2010,10.22
2011,6.81
2012,6.28
2013,10.51
2014,8.01
2015,7.1
2016,6.2
2017,6.02
2018,8.01
2019,10.69
2020,6.31
2021,6.91
2022,6.39
2023,7.38
2024,7.07
2025,7.21
2026,6.01
2027,10.51
2028,6.21
2029,7.21
2030,6.61
2031,7.51
2032,6.6
2033,7.18
2034,8.01
2035,7.09
2036,7.21
2037,10.87
2038,6.52
2039,10.72
2040,6.99
2041,8.96
2042,8.1
2043,7.06
2044,7.96
2045,7.4
2046,7.09
2047,6.79
2048,6.8
2049,6.73
2050,8.04
2051,7.69
2052,7.07
2053,7.87
2054,10.27
2055,7.49
2056,7.71
2057,10.54
2058,6.89
2059,7.55
2060,7.99
2061,7.5
2062,6.62
2063,6.28
2064,7.51
2065,7.28
2066,8.79
2067,6.77
2068,6.71
2069,10.43
2070,5.99
2071,8.9
2072,9.89
2073,6.03
2074,6.2
2075,7.84
2076,7.2
2077,7.49
2078,6.77
2079,7.2
2080,7.16
2081,7.3
2082,8.52
2083,6.63
2084,5.95
2085,6.63
2086,6.0
2087,7.63
2088,6.32
2089,6.2
2090,7.51
2091,8.59
2092,7.3
2093,8.46
2094,8.01
2095,6.09
2096,7.34
2097,8.0
2098,9.19
2099,9.49
2100,9.79
2101,9.21
2102,6.37
2103,5.98
2104,8.4
2105,7.39
2106,7.7
2107,8.59
2108,7.3
2109,7.44
2110,6.61
2111,6.69
2112,6.1
2113,6.11
2114,8.0
2115,8.8
2116,6.19
2117,6.88
2118,6.0
2119,6.99
2120,11.03
2121,10.81
2122,7.48
2123,9.17
2124,8.71
2125,9.91
2126,9.58
2127,7.61
2128,6.88
2129,8.91
2130,11.01
2131,6.61
2132,6.78
2133,10.42
2134,7.8
2135,7.47
2136,10.5
2137,9.42
2138,6.41
2139,10.61
2140,6.01
2141,9.68
2142,7.02
2143,9.5
2144,8.39
2145,6.77
2146,7.98
2147,6.82
2148,5.98
2149,8.4
2150,5.99
2151,6.48
2152,7.7
2153,6.17
2154,6.71
2155,7.71
2156,7.98
2157,10.44
2158,9.8
2159,10.02
2160,10.36
2161,5.98
2162,10.1
2163,7.8
2164,9.14
2165,6.03
2166,9.71
2167,6.63
2168,8.0
2169,7.34
2170,7.42
2171,6.0
2172,7.69
2173,9.51
2174,9.48
2175,6.59
2176,7.23
2177,6.29
2178,8.49
2179,6.12
2180,6.09
2181,7.6
2182,7.1
2183,7.5
2184,7.91
2185,7.18
2186,7.35
2187,8.68
2188,10.38
2189,6.38
2190,6.48
2191,7.18
2192,7.67
2193,9.07
2194,6.38
2195,7.91
2196,6.68
2197,10.89
2198,10.32
2199,7.08
2200,10.67
2201,10.39
2202,7.78
2203,10.4
2204,6.6
2205,7.21
2206,9.09
2207,9.69
2208,10.32
2209,10.0
2210,6.32
2211,6.13
2212,6.51
2213,7.47
2214,7.66
2215,8.0
2216,6.8
2217,6.21
2218,7.05
2219,8.61
2220,6.25
2221,10.57
2222,7.5
2223,9.4
2224,7.3
2225,7.49
2226,7.3
2227,7.59
2228,8.0
2229,7.18
2230,6.32
2231,7.31
2232,7.79
2233,7.19
2234,7.56
2235,6.61
2236,6.34
2237,9.7
2238,7.51
2239,6.13
2240,10.5
2241,6.37
2242,6.73
2243,6.68
2244,9.39
2245,6.79
2246,10.51
2247,6.73
2248,10.28
2249,10.57
2250,7.09
2251,7.42
2252,7.99
2253,6.51
2254,6.59
2255,6.9
2256,6.79
2257,6.51
2258,6.92
2259,7.29
2260,6.87
2261,6.13
2262,7.29
2263,7.6
2264,6.17
2265,7.6
2266,6.91
2267,6.29
2268,6.49
2269,7.81
2270,8.53
2271,6.61
2272,8.51
2273,7.41
2274,10.3
2275,6.98
2276,6.1
2277,10.7
2278,7.9
2279,10.88
2280,7.59
2281,6.11
2282,7.04
2283,6.41
2284,7.12
2285,5.99
2286,8.49
2287,7.44
2288,6.97
2289,6.55
2290,7.9
2291,7.13
2292,7.03
2293,6.21
2294,7.68
2295,7.59
2296,10.29
2297,6.37
2298,9.99
2299,10.5
2300,6.57
2301,8.04
2302,6.17
2303,7.2
2304,5.98
2305,8.11
2306,6.29
2307,10.62
2308,8.39
2309,6.11
2310,8.4
2311,6.56
2312,7.8
2313,7.29
2314,9.1
2315,7.87
2316,7.79
2317,7.1
2318,7.4
2319,6.9
2320,6.79
2321,6.51
2322,9.68
2323,6.49
2324,7.61
2325,7.39
2326,7.09
2327,7.42
2328,6.41
2329,6.11
2330,7.31
2331,6.97
2332,7.21
2333,7.39
2334,8.07
2335,9.31
2336,7.8
2337,6.81
2338,9.39
2339,6.71
2340,9.2
2341,6.0
2342,6.42
2343,6.02
2344,6.51
2345,7.0
2346,7.36
2347,6.6
2348,8.4
2349,8.88
2350,9.4
2351,6.29
2352,8.78
2353,6.61
2354,8.91
2355,7.88
2356,7.22
2357,10.91
2358,6.07
2359,7.27
2360,6.57
2361,6.11
2362,7.59
2363,7.43
2364,7.93
2365,8.38
2366,6.01
2367,6.89
2368,7.53
2369,6.19
2370,8.02
2371,6.66
2372,7.33
2373,9.6
2374,6.0
2375,7.99
2376,9.2
2377,8.62
2378,7.08
2379,10.7
2380,8.67
2381,7.23
2382,6.42
2383,10.47
2384,7.32
2385,7.93
2386,6.13
2387,6.76
2388,7.78
2389,7.8
2390,6.62
2391,7.67
2392,5.98
2393,8.47
2394,8.01
2395,6.28
2396,7.6
2397,7.58
2398,8.39
2399,7.19
2400,10.69
2401,6.36
2402,6.59
2403,7.42
2404,9.7
2405,7.83
2406,6.74
2407,6.41
2408,10.99
2409,7.67
2410,9.47
2411,5.99
2412,8.49
2413,8.13
2414,7.39
2415,8.0
2416,9.93
2417,7.49
2418,7.17
2419,7.69
2420,8.0
2421,6.19
2422,7.78
2423,6.49
2424,7.12
2425,9.21
2426,8.47
2427,8.17
2428,8.11
2429,6.72
2430,6.99
2431,7.88
2432,6.3
2433,6.33
2434,6.43
2435,6.8
2436,7.68
2437,6.63
2438,6.89
2439,7.2
2440,7.7
2441,9.82
2442,6.01
2443,7.56
2444,7.41
2445,7.3
2446,7.68
2447,9.79
2448,10.41
2449,7.0
2450,6.01
2451,6.5
2452,10.17
2453,7.65
2454,7.94
2455,7.8
2456,6.2
2457,5.99
2458,6.71
2459,7.62
2460,6.32
2461,6.81
2462,8.81
2463,7.97
2464,9.9
2465,7.39
2466,7.71
2467,8.29
2468,7.86
2469,6.19
2470,6.33
2471,6.78
2472,5.98
2473,9.0
2474,8.38
2475,6.71
2476,7.59
2477,6.7
2478,6.29
2479,8.19
2480,8.1
2481,6.1
2482,7.7
2483,7.52
2484,6.39
2485,8.89
2486,7.28
2487,6.7
2488,8.02
2489,9.99
2490,9.5
2491,9.29
2492,6.13
2493,8.58
2494,7.99
2495,7.39
2496,6.91
2497,6.69
2498,6.56
2499,6.6
2500,6.7
2501,7.76
2502,7.89
2503,6.2
2504,6.2
2505,7.4
2506,7.81
2507,10.28
2508,7.11
2509,8.72
2510,8.02
2511,6.61
2512,7.38
2513,6.6
2514,7.41
2515,10.68
2516,7.23
2517,7.08
2518,7.49
2519,7.61
2520,9.5
2521,6.12
2522,9.61
2523,7.63
2524,6.14
2525,8.67
2526,7.2
2527,10.68
2528,7.03
2529,10.22
2530,7.69
2531,7.6
2532,6.5
2533,6.12
2534,7.19
2535,7.72
2536,8.04
2537,6.6
2538,10.43
2539,7.88
2540,7.12
2541,7.96
2542,6.29
2543,6.09
2544,8.6
2545,7.89
2546,7.68
2547,6.54
2548,6.19
2549,6.99
2550,7.68
2551,10.51
2552,9.5
2553,7.52
2554,8.09
2555,7.08
2556,8.7
2557,10.52
2558,7.11
2559,6.54
2560,6.81
2561,9.31
2562,7.59
2563,7.19
2564,7.08
2565,10.21
2566,6.9
2567,7.32
2568,6.4
2569,7.42
2570,8.32
2571,9.21
2572,6.78
2573,6.09
2574,7.79
2575,6.37
2576,10.6
2577,6.79
2578,6.28
2579,7.28
2580,8.9
2581,9.39
2582,6.0
2583,7.91
2584,7.02
2585,10.8
2586,9.88
2587,10.22
2588,7.62
2589,6.34
2590,8.7
2591,6.45
2592,6.59
2593,6.67
2594,9.78
2595,7.09
2596,6.0
2597,6.76
2598,6.8
2599,7.75
2600,6.6
2601,6.88
2602,6.29
2603,7.18
2604,8.81
2605,7.91
2606,7.3
2607,10.31
2608,10.8
2609,7.91
2610,7.89
2611,7.49
2612,8.02
2613,8.24
2614,10.8
2615,6.1
2616,6.6
2617,6.11
2618,10.46
2619,6.88
2620,6.99
2621,7.81
2622,6.21
2623,6.19
2624,6.08
2625,10.19
2626,7.8
2627,6.21
2628,7.89
2629,7.2
2630,6.5
2631,9.82
2632,7.69
2633,7.18
2634,10.43
2635,6.44
2636,8.02
2637,9.09
2638,7.0
2639,6.18
2640,6.0
2641,8.02
2642,8.02
2643,7.89
2644,9.42
2645,8.03
2646,6.81
2647,10.77
2648,8.21
2649,6.31
2650,7.96
2651,7.83
2652,7.82
2653,6.62
2654,10.88
2655,7.38
2656,6.81
2657,7.81
2658,7.36
2659,7.69
2660,7.08
2661,6.7
2662,10.49
2663,6.91
2664,7.2
2665,6.3
2666,6.08
2667,6.22
2668,8.38
2669,7.51
2670,6.9
2671,9.8
2672,6.12
2673,9.6
2674,7.49
2675,7.26
2676,7.52
2677,7.7
2678,5.99
2679,9.3
2680,6.42
2681,6.47
2682,8.59
2683,6.7
2684,8.49
2685,9.52
2686,6.39
2687,7.25
2688,9.97
2689,6.4
2690,7.99
2691,7.82
2692,7.5
2693,10.73
2694,6.34
2695,7.59
2696,10.51
2697,8.01
2698,10.7
2699,9.99
2700,8.01
2701,9.68
2702,6.9
2703,6.5
2704,6.12
2705,5.98
2706,7.79
2707,7.5
2708,9.49
2709,6.88
2710,7.09
2711,8.01
2712,6.46
2713,8.5
2714,6.1
2715,6.49
2716,9.69
2717,6.5
2718,8.89
2719,7.1
2720,9.13
2721,6.6
2722,6.19
2723,7.59
2724,7.7
2725,6.77
2726,6.81
2727,6.01
2728,7.78
2729,6.08
2730,9.3
2731,6.92
2732,9.31
2733,10.67
2734,9.39
2735,9.49
2736,10.19
2737,8.22
2738,6.48
2739,8.8
2740,6.08
2741,7.41
2742,8.11
2743,6.18
2744,9.53
2745,6.9
2746,6.0
2747,8.12
2748,7.21
2749,6.77
2750,6.08
2751,8.87
2752,6.81
2753,7.8
2754,6.31
2755,7.5
2756,7.19
2757,6.1
2758,6.04
2759,8.94
2760,6.59
2761,10.29
2762,9.19
2763,7.9
2764,6.69
2765,8.8
2766,7.97
2767,6.3
2768,6.4
2769,6.68
2770,7.58
2771,6.21
2772,7.39
2773,10.11
2774,8.09
2775,9.03
2776,7.27
2777,7.63
2778,7.78
2779,5.98
2780,7.1
2781,6.71
2782,10.15
2783,7.98
2784,10.73
2785,7.59
2786,7.76
2787,7.19
2788,9.62
2789,8.53
2790,7.7
2791,6.31
2792,7.48
2793,8.2
2794,8.08
2795,6.53
2796,6.02
2797,6.22
2798,7.89
2799,8.03
2800,7.51
2801,8.67
2802,7.91
2803,6.74
2804,9.0
2805,6.72
2806,8.4
2807,7.72
2808,7.57
2809,9.41
2810,6.4
2811,7.2
2812,7.99
2813,7.08
2814,8.39
2815,8.09
2816,7.88
2817,6.79
2818,7.19
2819,7.93
2820,7.78
2821,10.03
2822,7.92
2823,7.41
2824,10.43
2825,6.69
2826,6.49
2827,6.67
2828,6.43
2829,7.28
2830,8.0
2831,6.41
2832,7.02
2833,7.36
2834,10.93
2835,6.84
2836,7.89
2837,6.12
2838,7.58
2839,9.95
2840,6.19
2841,7.03
2842,7.7
2843,6.28
2844,6.49
2845,10.89
2846,10.61
2847,6.22
2848,6.18
2849,6.89
2850,6.28
2851,6.93
2852,8.93
2853,7.51
2854,7.43
2855,6.83
2856,8.12
2857,8.3
2858,6.82
2859,7.2
2860,6.86
2861,7.9
2862,10.37
2863,6.21
2864,10.05
2865,6.78
2866,6.13
2867,7.51
2868,6.22
2869,6.09
2870,6.82
2871,7.38
2872,6.27
2873,7.53
2874,9.0
2875,8.01
2876,6.21
2877,10.08
2878,6.12
2879,6.39
2880,6.3
2881,7.28
2882,6.52
2883,9.59
2884,10.51
2885,10.4
2886,8.4
2887,6.72
2888,8.49
2889,7.51
2890,6.11
2891,6.02
2892,7.8
2893,8.02
2894,6.19
2895,6.69
2896,8.48
2897,9.08
2898,7.0
2899,7.8
2900,6.58
2901,6.37
2902,7.62
2903,7.51
2904,10.11
2905,6.93
2906,5.97
2907,6.21
2908,7.02
2909,6.29
2910,5.98
2911,8.37
2912,7.39
2913,6.4
2914,6.7
2915,7.68
2916,10.9
2917,9.32
2918,7.1
2919,8.8
2920,8.02
2921,10.18
2922,6.32
2923,6.21
2924,6.09
2925,7.35
2926,6.94
2927,7.33
2928,6.76
2929,6.39
2930,7.59
2931,8.0
2932,7.07
2933,7.44
2934,7.3
2935,8.51
2936,6.08
2937,7.72
2938,9.5
2939,7.02
2940,7.42
2941,7.7
2942,7.01
2943,7.22
2944,7.98
2945,10.82
2946,6.9
2947,6.73
2948,7.23
2949,7.09
2950,8.41
2951,7.07
2952,9.27
2953,9.42
2954,6.07
2955,6.7
2956,6.59
2957,11.0
2958,7.03
2959,9.3
2960,7.55
2961,5.98
2962,8.35
2963,6.81
2964,7.1
2965,9.4
2966,11.0
2967,7.61
2968,11.02
2969,6.78
2970,10.14
2971,6.7
2972,10.51
2973,6.2
2974,6.59
2975,10.27
2976,10.03
2977,6.03
2978,6.77
2979,7.7
2980,7.19
2981,7.61
2982,6.93
2983,6.97
2984,7.2
2985,7.21
2986,7.6
2987,7.83
2988,6.95
2989,6.88
2990,10.9
2991,9.1
2992,6.83
2993,7.3
2994,8.62
2995,6.76
2996,11.0
2997,7.68
2998,9.99
2999,7.91
3000,10.69
3001,10.53
3002,10.1
3003,6.62
3004,7.5
3005,10.72
3006,6.2
3007,6.59
3008,6.09
3009,10.02
3010,7.39
3011,6.51
3012,6.32
3013,9.3
3014,6.11
3015,7.2
3016,7.09
3017,9.89
3018,10.51
3019,6.92
3020,7.59
3021,6.13
3022,6.03
3023,8.99
3024,10.4
3025,8.37
3026,7.91
3027,7.13
3028,9.69
3029,7.78
3030,6.32
3031,6.3
3032,8.78
3033,7.72
3034,7.3
3035,10.82
3036,10.42
3037,5.98
3038,6.08
3039,8.08
3040,7.3
3041,7.09
3042,6.3
3043,8.11
3044,7.99
3045,10.47
3046,8.02
3047,6.1
3048,7.62
3049,6.92
3050,9.28
3051,10.79
3052,5.98
3053,7.77
3054,7.71
3055,6.21
3056,7.12
3057,7.83
3058,7.6
3059,6.04
3060,9.12
3061,8.71
3062,10.0
3063,6.88
3064,6.98
3065,6.3
3066,6.4
3067,8.18
3068,6.48
3069,6.71
3070,7.53
3071,9.86
3072,7.43
3073,7.5
3074,5.99
3075,6.85
3076,6.1
3077,7.7
3078,8.9
3079,10.91
3080,10.68
3081,7.14
3082,8.99
3083,7.44
3084,7.58
3085,6.6
3086,6.2
3087,6.49
3088,8.21
3089,6.79
3090,7.3
3091,6.8
3092,7.32
3093,6.21
3094,7.58
3095,6.62
3096,10.64
3097,6.2
3098,8.59
3099,6.01
3100,6.3
3101,7.91
3102,7.18
3103,6.6
3104,7.93
3105,6.71
3106,6.32
3107,7.22
3108,6.29
3109,7.2
3110,7.78
3111,6.78
3112,6.49
3113,7.71
3114,7.57
3115,9.19
3116,6.41
3117,8.49
3118,6.98
3119,6.5
3120,8.9
3121,6.61
3122,11.01
3123,7.8
3124,7.2
3125,6.43
3126,6.77
3127,7.42
3128,6.18
3129,6.01
3130,7.33
3131,7.07
3132,8.69
3133,10.8
3134,7.36
3135,9.18
3136,7.42
3137,7.41
3138,6.7
3139,9.2
3140,6.86
3141,9.29
3142,5.99
3143,6.29
3144,6.39
3145,8.7
3146,7.4
3147,6.24
3148,7.72
3149,7.51
3150,9.08
3151,5.98
3152,5.99
3153,6.01
3154,6.88
3155,10.81
3156,9.03
3157,7.41
3158,6.8
3159,6.81
3160,7.4
3161,10.79
3162,6.91
3163,8.94
3164,6.72
3165,7.89
3166,6.31
3167,7.89
3168,8.93
3169,7.15
3170,7.48
3171,8.69
3172,6.79
3173,9.06
3174,7.01
3175,6.72
3176,8.41
3177,6.51
3178,7.17
3179,8.71
3180,5.99
3181,7.3
3182,9.41
3183,7.32
3184,7.11
3185,7.38
3186,7.6
3187,9.99
3188,6.23
3189,6.8
3190,6.68
3191,7.48
3192,6.4
3193,10.69
3194,6.98
3195,8.59
3196,10.37
3197,6.72
3198,7.08
3199,7.68
3200,6.81
3201,7.77
3202,7.11
3203,8.89
3204,7.56
3205,9.11
3206,6.78
3207,7.51
3208,6.67
3209,7.88
3210,8.19
3211,7.2
3212,6.49
3213,7.87
3214,6.7
3215,8.61
3216,6.81
3217,7.72
3218,6.59
3219,7.4
3220,6.22
3221,7.4
3222,8.1
3223,6.01
3224,9.79
3225,6.09
3226,8.28
3227,7.52
3228,6.44
3229,9.95
3230,7.09
3231,6.4
3232,7.83
3233,6.31
3234,7.12
3235,8.8
3236,7.49
3237,7.09
3238,6.28
3239,7.13
3240,7.78
3241,10.9
3242,6.18
3243,6.0
3244,10.02
3245,7.71
3246,5.99
3247,8.02
3248,10.03
3249,7.77
3250,8.03
3251,7.42
3252,7.2
3253,7.12
3254,6.3
3255,6.16
3256,6.22
3257,8.91
3258,6.84
3259,9.53
3260,10.8
3261,6.85
3262,7.78
3263,7.16
3264,6.36
3265,7.91
3266,7.8
3267,7.98
3268,6.81
3269,6.11
3270,6.42
3271,10.67
3272,7.04
3273,7.96
3274,9.54
3275,7.69
3276,7.68
3277,8.93
3278,7.79
3279,10.51
3280,6.25
3281,6.59
3282,8.0
3283,6.9
3284,9.37
3285,6.6
3286,7.61
3287,7.58
3288,6.9
3289,6.29
3290,6.38
3291,7.3
3292,10.48
3293,7.01
3294,9.9
3295,6.88
3296,8.02
3297,7.3
3298,6.11
3299,6.29
3300,6.4
3301,5.99
3302,6.92
3303,9.69
3304,7.83
3305,6.4
3306,10.41
3307,8.5
3308,6.6
3309,7.59
3310,6.08
3311,6.34
3312,6.52
3313,10.97
3314,8.0
3315,7.63
3316,10.41
3317,8.79
3318,9.96
3319,7.89
3320,7.81
3321,7.49
3322,7.59
3323,6.82
3324,7.01
3325,9.61
3326,10.1
3327,9.38
3328,6.39
3329,7.07
3330,7.37
3331,6.7
3332,7.62
3333,10.68
3334,8.35
3335,6.63
3336,6.91
3337,9.4
3338,10.01
3339,6.39
3340,9.78
3341,6.39
3342,10.47
3343,6.6
3344,7.09
3345,7.89
3346,10.33
3347,8.5
3348,9.8
3349,10.4
3350,7.7
3351,10.71
3352,7.71
3353,7.69
3354,6.92
3355,10.56
3356,8.33
3357,6.08
3358,10.39
3359,7.01
3360,6.72
3361,7.06
3362,6.51
3363,7.09
3364,7.07
3365,8.87
3366,6.11
3367,7.58
3368,10.65
3369,7.1
3370,10.62
3371,6.09
3372,8.3
3373,8.1
3374,7.91
3375,9.8
3376,6.02
3377,6.33
3378,6.32
3379,7.6
3380,6.38
3381,6.98
3382,7.47
3383,6.52
3384,8.0
3385,8.08
3386,7.34
3387,6.5
3388,9.51
3389,10.08
3390,6.83
3391,8.2
3392,7.88
3393,10.32
3394,7.48
3395,7.01
3396,7.39
3397,8.98
3398,7.86
3399,7.1
3400,8.71
3401,8.01
3402,10.49
3403,9.49
3404,7.69
3405,6.92
3406,6.59
3407,9.32
3408,6.31
3409,6.33
3410,6.6
3411,9.6
3412,10.12
3413,8.32
3414,7.59
3415,7.9
3416,7.31
3417,8.02
3418,6.5
3419,6.91
3420,7.14
3421,7.31
3422,6.88
3423,8.01
3424,6.23
3425,10.12
3426,6.6
3427,8.6
3428,6.3
3429,8.41
3430,7.71
3431,6.01
3432,10.9
3433,6.48
3434,7.8
3435,10.8
3436,7.58
3437,7.39
3438,7.18
3439,7.11
3440,8.11
3441,6.69
3442,7.78
3443,6.07
3444,8.2
3445,9.21
3446,7.79
3447,7.59
3448,9.58
3449,7.28
3450,6.09
3451,7.71
3452,7.38
3453,7.61
3454,6.92
3455,6.63
3456,6.1
3457,7.89
3458,9.08
3459,6.6
3460,10.99
3461,8.7
3462,7.38
3463,7.52
3464,6.19
3465,7.91
3466,7.32
3467,7.9
3468,7.99
3469,6.68
3470,6.56
3471,6.18
3472,6.36
3473,9.82
3474,7.78
3475,6.73
3476,6.67
3477,10.62
3478,10.94
3479,7.83
3480,10.2
3481,6.82
3482,6.3
3483,10.51
3484,8.02
3485,7.08
3486,6.17
3487,6.01
3488,7.99
3489,10.69
3490,6.33
3491,6.9
3492,6.39
3493,7.41
3494,7.08
3495,7.18
3496,6.02
3497,10.47
3498,6.19
3499,7.2
3500,6.6
3501,7.49
3502,6.62
3503,7.22
3504,7.98
3505,7.09
3506,7.21
3507,10.9
3508,6.5
3509,10.68
3510,7.01
3511,8.99
3512,8.1
3513,7.13
3514,7.97
3515,7.36
3516,7.09
3517,6.8
3518,6.77
3519,6.72
3520,8.05
3521,7.71
3522,7.12
3523,7.94
3524,10.34
3525,7.47
3526,7.69
3527,10.46
3528,6.91
3529,7.52
3530,7.96
3531,7.49
3532,6.59
3533,6.29
3534,7.51
3535,7.31
3536,8.79
3537,6.83
3538,6.68
3539,10.41
3540,6.03
3541,8.91
3542,9.88
3543,5.99
3544,6.2
3545,7.8
3546,7.18
3547,7.51
3548,6.81
3549,7.17
3550,7.15
3551,7.31
3552,8.49
3553,6.6
3554,6.02
3555,6.61
3556,6.02
3557,7.61
3558,6.3
3559,6.23
3560,7.49
3561,8.6
3562,7.29
3563,8.41
3564,7.99
3565,6.13
3566,7.32
3567,8.02
3568,9.19
3569,9.46
3570,9.81
3571,9.16
3572,6.28
3573,6.01
3574,8.41
3575,7.38
3576,7.7
3577,8.62
3578,7.31
3579,7.38
3580,6.57
3581,6.68
3582,6.06
3583,6.08
3584,7.99
3585,8.77
3586,6.17
3587,6.87
3588,6.0
3589,7.02
3590,10.97
3591,10.77
3592,7.48
3593,9.22
3594,8.7
3595,9.92
3596,9.59
3597,7.57
3598,6.89
3599,8.9
3600,11.02
3601,6.61
3602,6.78
3603,10.41
3604,7.8
3605,7.5
3606,10.49
3607,9.39
3608,6.4
3609,10.61
3610,6.0
3611,9.69
3612,6.99
3613,9.52
3614,8.42
3615,6.85
3616,8.02
3617,6.81
3618,6.01
3619,8.41
3620,6.0
3621,6.47
3622,7.71
3623,6.2
3624,6.69
3625,7.7
3626,8.0
3627,10.39
3628,9.79
3629,10.05
3630,10.37
3631,5.98
3632,10.11
3633,7.8
3634,9.08
3635,6.03
3636,9.7
3637,6.59
3638,7.95
3639,7.24
3640,7.41
3641,6.01
3642,7.69
3643,9.54
3644,9.52
3645,6.6
3646,7.22
3647,6.36
3648,8.51
3649,6.07
3650,6.13
3651,7.62
3652,7.09
3653,7.49
3654,7.89
3655,7.24
3656,7.42
3657,8.67
3658,10.39
3659,6.38
3660,6.53
3661,7.18
3662,7.71
3663,9.08
3664,6.45
3665,7.9
3666,6.68
3667,10.9
3668,10.29
3669,7.07
3670,10.69
3671,10.4
3672,7.78
3673,10.38
3674,6.59
3675,7.19
3676,9.14
3677,9.66
3678,10.3
3679,10.01
3680,6.28
3681,6.15
3682,6.48
3683,7.52
3684,7.72
3685,8.01
3686,6.81
3687,6.22
3688,7.15
3689,8.61
3690,6.21
3691,10.57
3692,7.5
3693,9.38
3694,7.27
3695,7.47
3696,7.29
3697,7.61
3698,8.01
3699,7.17
3700,6.29
3701,7.27
3702,7.82
3703,7.22
3704,7.58
3705,6.63
3706,6.33
3707,9.71
3708,7.52
3709,6.11
3710,10.51
3711,6.4
3712,6.69
3713,6.69
3714,9.37
3715,6.81
3716,10.47
3717,6.68
3718,10.28
3719,10.61
3720,7.08
3721,7.41
3722,8.01
3723,6.5
3724,6.6
3725,6.87
3726,6.82
3727,6.47
3728,6.89
3729,7.33
3730,6.88
3731,6.12
3732,7.28
3733,7.58
3734,6.11
3735,7.55
3736,6.9
3737,6.36
3738,6.48
3739,7.8
3740,8.52
3741,6.58
3742,8.49
3743,7.41
3744,10.31
3745,7.0
3746,6.14
3747,10.67
3748,7.87
3749,10.87
3750,7.6
3751,6.12
3752,7.01
3753,6.39
3754,7.13
3755,5.98
3756,8.46
3757,7.39
3758,6.99
3759,6.53
3760,7.91
3761,7.07
3762,7.02
3763,6.17
3764,7.7
3765,7.6
3766,10.3
3767,6.39
3768,9.99
3769,10.51
3770,6.59
3771,7.99
3772,6.19
3773,7.2
3774,6.03
3775,8.1
3776,6.28
3777,10.62
3778,8.4
3779,6.09
3780,8.41
3781,6.61
3782,7.81
3783,7.3
3784,9.1
3785,7.91
3786,7.81
3787,7.12
3788,7.42
3789,6.91
3790,6.8
3791,6.51
3792,9.71
3793,6.48
3794,7.58
3795,7.38
3796,7.09
3797,7.39
3798,6.4
3799,6.11
3800,7.28
3801,7.05
3802,7.21
3803,7.4
3804,8.1
3805,9.31
3806,7.81
3807,6.79
3808,9.42
3809,6.69
3810,9.19
3811,6.01
3812,6.4
3813,6.0
3814,6.46
3815,7.0
3816,7.28
3817,6.59
3818,8.42
3819,8.87
3820,9.4
3821,6.32
3822,8.81
3823,6.62
3824,8.91
3825,7.91
3826,7.23
3827,10.94
3828,6.11
3829,7.31
3830,6.59
3831,6.09
3832,7.6
3833,7.41
3834,7.89
3835,8.43
3836,6.02
3837,6.9
3838,7.59
3839,6.24
3840,8.0
3841,6.68
3842,7.28
3843,9.6
3844,5.99
3845,8.03
3846,9.25
3847,8.62
3848,7.09
3849,10.7
3850,8.68
3851,7.21
3852,6.41
3853,10.54
3854,7.29
3855,7.89
3856,6.07
3857,6.78
3858,7.81
3859,7.79
3860,6.62
3861,7.69
3862,6.0
3863,8.48
3864,8.01
3865,6.31
3866,7.59
3867,7.6
3868,8.36
3869,7.19
3870,10.69
3871,6.38
3872,6.62
3873,7.4
3874,9.71
3875,7.78
3876,6.71
3877,6.39
3878,11.0
3879,7.72
3880,9.51
3881,6.01
3882,8.51
3883,8.11
3884,7.41
3885,8.03
3886,9.92
3887,7.5
3888,7.18
3889,7.68
3890,7.97
3891,6.22
3892,7.82
3893,6.5
3894,7.1
3895,9.22
3896,8.53
3897,8.19
3898,8.08
3899,6.71
3900,7.0
3901,7.87
3902,6.28
3903,6.31
3904,6.41
3905,6.81
3906,7.7
3907,6.57
3908,6.89
3909,7.22
3910,7.71
3911,9.82
3912,5.98
3913,7.62
3914,7.41
3915,7.32
3916,7.72
3917,9.83
3918,10.41
3919,6.99
3920,6.01
3921,6.5
3922,10.19
3923,7.59
3924,7.91
3925,7.79
3926,6.21
3927,5.99
3928,6.71
3929,7.61
3930,6.33
3931,6.8
3932,8.8
3933,8.0
3934,9.92
3935,7.42
3936,7.71
3937,8.31
3938,7.91
3939,6.22
3940,6.29
3941,6.79
3942,5.98
3943,9.04
3944,8.4
3945,6.7
3946,7.6
3947,6.73
3948,6.29
3949,8.19
3950,8.12
3951,6.09
3952,7.7
3953,7.52
3954,6.39
3955,8.91
3956,7.3
3957,6.69
3958,7.99
3959,9.99
3960,9.48
3961,9.29
3962,6.07
3963,8.59
3964,8.04
3965,7.37
3966,6.89
3967,6.7
3968,6.61
3969,6.61
3970,6.69
3971,7.84
3972,7.9
3973,6.2
3974,6.19
3975,7.35
3976,7.82
3977,10.28
3978,7.09
3979,8.71
3980,7.98
3981,6.62
3982,7.4
3983,6.58
3984,7.4
3985,10.69
3986,7.24
3987,7.06
3988,7.49
3989,7.59
3990,9.49
3991,6.13
3992,9.6
3993,7.61
3994,6.05
3995,8.72
3996,7.17
3997,10.67
3998,6.98
3999,10.22
4000,7.71
4001,7.61
4002,6.49
4003,6.11
4004,7.18
4005,7.7
4006,8.03
4007,6.61
4008,10.38
4009,7.93
4010,7.06
4011,8.01
4012,6.28
4013,6.11
4014,8.6
4015,7.9
4016,7.69
4017,6.49
4018,6.18
4019,6.95
4020,7.72
4021,10.51
4022,9.49
4023,7.53
4024,8.07
4025,7.12
4026,8.72
4027,10.51
4028,7.11
4029,6.49
4030,6.83
4031,9.31
4032,7.55
4033,7.19
4034,7.08
4035,10.2
4036,6.89
4037,7.32
4038,6.41
4039,7.42
4040,8.31
4041,9.2
4042,6.83
4043,6.1
4044,7.83
4045,6.41
4046,10.56
4047,6.8
4048,6.3
4049,7.26
4050,8.86
4051,9.37
4052,5.99
4053,7.9
4054,7.02
4055,10.78
4056,9.92
4057,10.21
4058,7.61
4059,6.31
4060,8.69
4061,6.5
4062,6.55
4063,6.71
4064,9.77
4065,7.11
4066,5.99
4067,6.79
4068,6.79
4069,7.71
4070,6.6
4071,6.93
4072,6.29
4073,7.24
4074,8.81
4075,7.89
4076,7.32
4077,10.32
4078,10.81
4079,7.86
4080,7.89
4081,7.52
4082,8.0
4083,8.18
4084,10.81
4085,6.09
4086,6.6
4087,6.1
4088,10.5
4089,6.87
4090,7.03
4091,7.8
4092,6.19
4093,6.21
4094,6.12
4095,10.2
4096,7.79
4097,6.2
4098,7.91
4099,7.23
4100,6.5
4101,9.8
4102,7.67
4103,7.23
4104,10.38
4105,6.41
4106,7.99
4107,9.07
4108,6.99
4109,6.22
4110,6.02
4111,8.01
4112,8.04
4113,7.9
4114,9.4
4115,7.97
4116,6.78
4117,10.8
4118,8.19
4119,6.27
4120,8.0
4121,7.84
4122,7.8
4123,6.57
4124,10.94
4125,7.36
4126,6.8
4127,7.78
4128,7.39
4129,7.73
4130,7.09
4131,6.66
4132,10.48
4133,6.93
4134,7.19
4135,6.3
4136,6.1
4137,6.2
4138,8.41
4139,7.51
4140,6.86
4141,9.82
4142,6.06
4143,9.62
4144,7.54
4145,7.31
4146,7.49
4147,7.73
4148,5.99
4149,9.33
4150,6.42
4151,6.47
4152,8.59
4153,6.7
4154,8.49
4155,9.5
4156,6.42
4157,7.34
4158,10.02
4159,6.39
4160,7.99
4161,7.81
4162,7.51
4163,10.7
4164,6.29
4165,7.6
4166,10.5
4167,8.02
4168,10.7
4169,9.98
4170,8.03
4171,9.71
4172,6.9
4173,6.5
4174,6.14
4175,5.99
4176,7.8
4177,7.51
4178,9.54
4179,6.92
4180,7.09
4181,8.05
4182,6.5
4183,8.5
4184,6.06
4185,6.51
4186,9.68
4187,6.51
4188,8.93
4189,7.09
4190,9.11
4191,6.56
4192,6.2
4193,7.59
4194,7.72
4195,6.81
4196,6.82
4197,5.99
4198,7.81
4199,6.09
4200,9.28
4201,6.89
4202,9.34
4203,10.72
4204,9.41
4205,9.54
4206,10.21
4207,8.23
4208,6.51
4209,8.81
4210,6.11
4211,7.37
4212,8.13
4213,6.23
4214,9.48
4215,6.88
4216,5.99
4217,8.11
4218,7.22
4219,6.76
4220,6.11
4221,8.9
4222,6.8
4223,7.81
4224,6.35
4225,7.51
4226,7.21
4227,6.12
4228,6.0
4229,8.91
4230,6.57
4231,10.31
4232,9.17
4233,7.88
4234,6.7
4235,8.81
4236,7.98
4237,6.31
4238,6.4
4239,6.73
4240,7.59
4241,6.17
4242,7.41
4243,10.1
4244,8.09
4245,9.0
4246,7.27
4247,7.63
4248,7.81
4249,5.98
4250,7.12
4251,6.74
4252,10.1
4253,8.0
4254,10.72
4255,7.61
4256,7.75
4257,7.21
4258,9.58
4259,8.48
4260,7.69
4261,6.29
4262,7.5
4263,8.18
4264,8.08
4265,6.52
4266,6.02
4267,6.21
4268,7.86
4269,8.02
4270,7.5
4271,8.76
4272,7.89
4273,6.68
4274,8.99
4275,6.68
4276,8.39
4277,7.7
4278,7.63
4279,9.41
4280,6.38
4281,7.23
4282,7.99
4283,7.11
4284,8.41
4285,8.12
4286,7.87
4287,6.75
4288,7.19
4289,7.91
4290,7.82
4291,10.02
4292,7.87
4293,7.43
4294,10.43
4295,6.68
4296,6.5
4297,6.72
4298,6.39
4299,7.29
4300,8.01
4301,6.39
4302,7.0
4303,7.41
4304,10.9
4305,6.79
4306,7.91
4307,6.08
4308,7.57
4309,10.0
4310,6.21
4311,7.02
4312,7.69
4313,6.28
4314,6.48
4315,10.91
4316,10.58
4317,6.26
4318,6.18
4319,6.89
4320,6.28
4321,6.91
4322,8.92
4323,7.49
4324,7.38
4325,6.77
4326,8.13
4327,8.3
4328,6.81
4329,7.22
4330,6.88
4331,7.91
4332,10.41
4333,6.19
4334,10.13
4335,6.77
4336,6.1
4337,7.52
4338,6.2
4339,6.08
4340,6.8
4341,7.4
4342,6.28
4343,7.49
4344,9.0
4345,8.02
4346,6.25
4347,10.09
4348,6.09
4349,6.39
4350,6.3
4351,7.29
4352,6.51
4353,9.58
4354,10.52
4355,10.39
4356,8.38
4357,6.7
4358,8.51
4359,7.5
4360,6.1
4361,6.04
4362,7.8
4363,7.96
4364,6.2
4365,6.72
4366,8.49
4367,9.08
4368,6.99
4369,7.82
4370,6.61
4371,6.41
4372,7.59
4373,7.46
4374,10.11
4375,6.92
4376,6.0
4377,6.16
4378,7.02
4379,6.3
4380,6.03
4381,8.41
4382,7.41
4383,6.4
4384,6.7
4385,7.74
4386,10.92
4387,9.27
4388,7.1
4389,8.81
4390,8.05
4391,10.18
4392,6.31
4393,6.14
4394,6.13
4395,7.4
4396,6.93
4397,7.3
4398,6.78
4399,6.41
4400,7.61
4401,7.99
4402,7.11
4403,7.39
4404,7.29
4405,8.52
4406,6.09
4407,7.71
4408,9.49
4409,6.99
